região,município,comércio_vendas,indústria_empregos,serviços_pib,população,taxa_crescimento
Litoral,Florianópolis,450000,12000,680000,500000,2.5
Litoral,Brusque,320000,25000,180000,135000,1.8
Litoral,Itajaí,280000,8000,220000,210000,1.2
Litoral,Balneário Camboriú,215000,3000,310000,140000,3.1
Vale do Itajaí,Blumenau,380000,18000,290000,340000,2.1
Vale do Itajaí,Jaraguá do Sul,250000,22000,140000,180000,1.9
Planalto,Lages,190000,5000,110000,160000,0.9
Planalto,Campos Novos,120000,8000,65000,32000,1.3
Oeste,Chapecó,320000,12000,180000,220000,2.4
Oeste,Joaçaba,180000,9000,95000,56000,1.7
Sul,Criciúma,210000,6000,125000,210000,0.5
Sul,Tubarão,165000,4000,85000,110000,0.8
Nordeste,Bom Retiro,95000,2000,45000,24000,1.1
Nordeste,Santa Cecília,88000,1500,42000,18000,0.6
Central,Rio do Sul,230000,7000,120000,85000,1.4
Central,Brusque,320000,25000,180000,135000,1.8
Central,Indaial,210000,15000,95000,75000,2.0
Central,Timbó,145000,18000,65000,45000,1.5
Metropolitana,São José,410000,9000,310000,250000,2.6
Metropolitana,Palhoça,380000,7000,280000,180000,2.8
Metropolitana,Biguaçu,290000,5000,150000,95000,2.2
Grande Florianópolis,Canoas,260000,4000,140000,72000,1.9
Grande Florianópolis,Governador Celso Ramos,110000,1500,65000,31000,1.2
Litoral Norte,Camboriú,195000,2500,145000,65000,2.7
Litoral Norte,Penha,85000,1000,50000,24000,1.3
Extremo Oeste,Dionísio Cerqueira,65000,800,35000,10000,0.4
Extremo Oeste,Guaraciaba,45000,500,20000,8000,0.3
Planalto Serrano,Urubici,55000,400,25000,12000,0.5
Planalto Serrano,São Joaquim,78000,600,35000,24000,0.7
Vale do Contestado,Curitibanos,120000,1500,65000,42000,0.9
